feature,importance,relative
units,596128.417437166,91.0
value_imprv,49556.107397964224,8.0
beds,8609.027579864487,1.0
